,Supplier_Lead_Time,Inventory_Levels,Order_Frequency,Delivery_Performance,Cost_Per_Unit
Supplier_Lead_Time,1.0,0.13044283671952633,-0.9096699074633574,-0.9126672626425537,0.9586347140362621
Inventory_Levels,0.13044283671952633,1.0,-0.16144349600153557,0.003344352943769691,0.06488048274721453
Order_Frequency,-0.9096699074633574,-0.16144349600153557,1.0,0.8404134800888834,-0.8779902231765506
Delivery_Performance,-0.9126672626425537,0.003344352943769691,0.8404134800888834,1.0,-0.9200408358467721
Cost_Per_Unit,0.9586347140362621,0.06488048274721453,-0.8779902231765506,-0.9200408358467721,1.0
